{"loss": [3.062305212020874, 1.28593111038208, 0.7981175780296326, 0.5709856152534485, 0.4321916103363037, 0.34760773181915283, 0.28534531593322754, 0.24562574923038483, 0.21301718056201935, 0.18715494871139526], "accuracy": [0.2346397340297699, 0.6127747297286987, 0.7538800835609436, 0.8209260702133179, 0.8609573841094971, 0.8865352869033813, 0.906735897064209, 0.9186002016067505, 0.9287146925926208, 0.9379187822341919], "val_loss": [1.9025198221206665, 0.9891754388809204, 0.556390106678009, 0.4644668698310852, 0.39225131273269653, 0.2675146162509918, 0.23834316432476044, 0.2319595366716385, 0.18992629647254944, 0.18827539682388306], "val_accuracy": [0.4935693144798279, 0.7250739932060242, 0.844923734664917, 0.8572729229927063, 0.8785567879676819, 0.9187343716621399, 0.9263601303100586, 0.926701545715332, 0.9390507340431213, 0.9389369487762451]}